Chr	lead_SNP	lead_pos	SNPs	pos	start	stop	n_snps	lead_freq	lead_beta	lead_p	freq	beta	p	locus_name
1	rs4575098_G_A	161155392	rs4575098_G_A	161155392	161155392	161155392	1	0.235321	0.0609053	4.3018E-08	0.235321	0.0609053	4.3018e-08	ADAMTS4
1	rs679515_T_C	207750568	rs679515_T_C	207750568	207750568	207750568	1	0.176834	0.122753	1.40288E-23	0.176834	0.122753	1.40288e-23	CR1
2	rs268134_A_G	65608363	rs268134_A_G	65608363	65608363	65608363	1	0.250373	0.0617528	1.54282E-08	0.250373	0.0617528	1.54282e-08	SPRED2
2	rs143080277_T_C	106366056	rs143080277_T_C,rs116038905_T_C	106366056,106422365	106366056	106422365	2	0.004264	0.520528	1.27723E-12	0.004264,0.023517	0.520528,-0.150266	1.27723e-12,3.02778e-06	NCK2
2	rs6733839_C_T	127892810	rs7584040_C_T,rs6733839_C_T	127863224,127892810	127863224	127892810	2	0.391991	0.155615	1.10183E-54	0.232566,0.391991	0.0537322,0.155615	1.97623e-06,1.10183e-54	BIN1
2	rs35564151_G_A	135372951	rs35564151_G_A	135372951	135372951	135372951	1	0.462779	0.0529294	5.24406E-08	0.462779	0.0529294	5.24406e-08	TMEM163
2	rs10933431_G_C	233981912	rs10933431_G_C	233981912	233981912	233981912	1	0.217536	-0.0770169	1.40646E-10	0.217536	-0.0770169	1.40646e-10	INPP5D
4	rs4351014_T_C	11027619	rs4351014_T_C	11027619	11027619	11027619	1	0.265519	0.0706868	2.58567E-11	0.265519	0.0706868	2.58567e-11	CLNK
6	rs36096565_A_G	32560025	rs36096565_A_G	32560025	32560025	32560025	1	0.212513	-0.103604	2.8774E-15	0.212513	-0.103604	2.8774e-15	HLA
6	rs187370608_G_A	40942196	rs187370608_G_A,rs114812713_G_C,rs3857580_A_G	40942196,41034000,41216334	40942196	41216334	3	0.003033	0.796876	1.83288E-23	0.003033,0.02674,0.41141	0.796876,0.208485,-0.0503548	1.83288e-23,1.05156e-12,1.49999e-07	TREM2
6	rs1385742_A_T	47595155	rs1385742_A_T	47595155	47595155	47595155	1	0.352754	0.0690235	1.11398E-11	0.352754	0.0690235	1.11398e-11	CD2AP
7	rs2168589_T_A	50270105	rs2168589_T_A	50270105	50270105	50270105	1	0.339044	0.0538487	7.68156E-08	0.339044	0.0538487	7.68156e-08	IKZF1
7	rs1859788_A_G	99971834	rs1859788_A_G	99971834	99971834	99971834	1	0.320625	-0.0896617	3.28317E-18	0.320625	-0.0896617	3.28317e-18	PILRA
7	rs12703526_G_T	143107588	rs12703526_G_T,rs10265814_C_G	143107588,143121621	143107588	143121621	2	0.483121	-0.0654321	9.62773E-12	0.483121,0.491069	-0.0654321,0.0607201	9.62773e-12,3.41649e-10	EPHA1
8	rs867230_C_A	27468503	rs73223431_C_T,rs867230_C_A	27219987,27468503	27219987	27468503	2	0.413452	-0.105124	7.71395E-26	0.366894,0.413452	0.0790484,-0.105124	2.02912e-15,7.71395e-26	PTK2B-CLU
10	rs7920721_A_G	11720308	rs7920721_A_G	11720308	11720308	11720308	1	0.380532	0.0668997	1.08457E-11	0.380532	0.0668997	1.08457e-11	ECHDC3
10	rs1171814_G_T	61645833	rs1171814_G_T	61645833	61645833	61645833	1	0.480245	-0.0523917	3.80247E-08	0.480245	-0.0523917	3.80247e-08	CCDC6
10	rs1878036_T_G	82280137	rs1878036_T_G	82280137	82280137	82280137	1	0.206306	-0.0701099	2.73643E-09	0.206306	-0.0701099	2.73643e-09	TSPAN14
11	rs10437655_G_A	47391948	rs10437655_G_A	47391948	47391948	47391948	1	0.386792	0.0634589	6.91072E-11	0.386792	0.0634589	6.91072e-11	SPI1
11	rs72924626_T_C	60095740	rs72924626_T_C	60095740	60095740	60095740	1	0.370788	-0.0892049	9.3349E-20	0.370788	-0.0892049	9.3349e-20	MS4A4A
11	rs10792832_A_G	85867875	rs10792832_A_G	85867875	85867875	85867875	1	0.371009	-0.103282	5.2141E-26	0.371009	-0.103282	5.2141e-26	PICALM
11	rs11218343_T_C	121435587	rs11218343_T_C	121435587	121435587	121435587	1	0.037183	-0.186386	5.58647E-14	0.037183	-0.186386	5.58647e-14	SORL1
14	rs17125924_A_G	53391680	rs17125924_A_G	53391680	53391680	53391680	1	0.092224	0.102405	3.69046E-10	0.092224	0.102405	3.69046e-10	FERMT2
14	rs12590654_G_A	92938855	rs12590654_G_A	92938855	92938855	92938855	1	0.340093	-0.0762777	7.45428E-14	0.340093	-0.0762777	7.45428e-14	SLC24A4
15	rs12592778_G_A	50992311	rs12592778_G_A	50992311	50992311	50992311	1	0.186959	-0.0736385	1.73513E-09	0.186959	-0.0736385	1.73513e-09	SPPL2A
15	rs442495_T_C	59022615	rs4775044_T_G,rs442495_T_C	58684967,59022615	58684967	59022615	2	0.319437	-0.0675868	2.67393E-11	0.471754,0.319437	-0.0438743,-0.0675868	4.29163e-06,2.67393e-11	ADAM10
15	rs117618017_C_T	63569902	rs117618017_C_T	63569902	63569902	63569902	1	0.140101	0.0849599	1.05187E-08	0.140101	0.0849599	1.05187e-08	APH1B
16	rs2884738_C_A	31126321	rs2884738_C_A	31126321	31126321	31126321	1	0.281552	-0.0620662	4.46554E-09	0.281552	-0.0620662	4.46554e-09	VKORC1
16	rs12444183_A_G	81773209	rs12444183_A_G	81773209	81773209	81773209	1	0.382945	-0.0532799	5.46236E-08	0.382945	-0.0532799	5.46236e-08	PLCG2
17	rs61182333_T_C	5133128	rs61182333_T_C	5133128	5133128	5133128	1	0.124877	0.0849788	1.35206E-09	0.124877	0.0849788	1.35206e-09	SCIMP
17	rs2526378_A_G	56404349	rs2526378_A_G	56404349	56404349	56404349	1	0.447902	-0.0488777	3.07014E-07	0.447902	-0.0488777	3.07014e-07	TSPOAP1
17	rs4311_T_C	61560763	rs3730025_A_G,rs4311_T_C	61557773,61560763	61557773	61560763	2	0.470331	-0.0542811	1.21492E-08	0.017207,0.470331	0.199405,-0.0542811	2.58284e-07,1.21492e-08	ACE
19	rs12151021_A_G	1050874	rs12151021_A_G,rs4147918_A_G	1050874,1058176	1050874	1058176	2	0.325858	0.0772974	2.41456E-13	0.325858,0.041262	0.0772974,-0.120111	2.41456e-13,7.62821e-07	ABCA7
19	rs429358_T_C	45411941	rs111358663_T_A,rs138607350_T_G,rs146275714_G_A,rs3112440_A_G,rs71171301_A_AC,rs283813_T_A,rs429358_T_C,rs7412_C_T,rs12691088_G_A,rs4803774_A_G,rs35194062_C_A	45196958,45363820,45365447,45368010,45383091,45389174,45411941,45412079,45418486,45450872,45505177	45196958	45505177	11	0.156	1.179	0	0.015866,0.008592,0.021813,0.151639,0.11336,0.06878,0.156272,0.081119,0.02149,0.451995,0.056819	-0.353882,1.03437,1.11415,0.102341,0.171993,0.20705,1.17924,-0.435261,1.18305,0.0747163,0.198766	2.78658e-16,4.20185e-102,0,1.54967e-14,4.89215e-29,7.56594e-28,0,4.00301e-123,0,5.02158e-15,8.45629e-18	APOE
19	rs3865444_C_A	51727962	rs3865444_C_A	51727962	51727962	51727962	1	0.326906	-0.058218	1.29488E-08	0.326906	-0.058218	1.29488e-08	CD33
20	rs6014724_A_G	54998544	rs6014724_A_G	54998544	54998544	54998544	1	0.087685	-0.109364	1.07282E-10	0.087685	-0.109364	1.07282e-10	CASS4
21	rs2830489_C_T	28148191	rs4817090_T_C,rs2830489_C_T	27534261,28148191	27534261	28148191	2	0.274674	-0.0589648	3.09113E-08	0.350046,0.274674	0.0530908,-0.0589648	1.00367e-07,3.09113e-08	APP-ADAMTS1
